{"cameraMode":{"drawMode":0,"name":"Shaded","section":"Shading Mode"},"sceneLighting":false,"audioPlay":false,"sceneViewState":{"showFog":true,"showMaterialUpdate":true,"showSkybox":false,"showFlares":true,"showImageEffects":true,"showParticleSystems":true},"in2DMode":false,"pivot":{"x":-94.65440368652344,"y":-229.10452270507813,"z":175.8125},"rotation":{"x":0.3489719033241272,"y":0.6264355182647705,"z":-0.37018245458602908,"w":0.5906174778938294},"size":1976.849365234375,"orthographic":false}