{"cameraMode":{"drawMode":0,"name":"Shaded","section":"Shading Mode"},"sceneLighting":true,"audioPlay":false,"sceneViewState":{"showFog":true,"showMaterialUpdate":true,"showSkybox":false,"showFlares":true,"showImageEffects":true,"showParticleSystems":true},"in2DMode":false,"pivot":{"x":-0.004233837127685547,"y":-0.1127624437212944,"z":2.080204725265503},"rotation":{"x":0.1320304572582245,"y":-0.8505032062530518,"z":0.2547270953655243,"w":0.440829873085022},"size":1.7030525207519532,"orthographic":false}