{"cameraMode":{"drawMode":0,"name":"Shaded","section":"Shading Mode"},"sceneLighting":false,"audioPlay":false,"sceneViewState":{"showFog":true,"showMaterialUpdate":false,"showSkybox":false,"showFlares":true,"showImageEffects":true,"showParticleSystems":true},"in2DMode":false,"pivot":{"x":-4.10249137878418,"y":70.2287826538086,"z":3.207357168197632},"rotation":{"x":-0.15114343166351319,"y":0.523002564907074,"z":-0.09484552592039108,"w":-0.8334466218948364},"size":86.64041900634766,"orthographic":false}