{"cameraMode":{"drawMode":0,"name":"Shaded","section":"Shading Mode"},"sceneLighting":false,"audioPlay":false,"sceneViewState":{"showFog":true,"showMaterialUpdate":true,"showSkybox":false,"showFlares":true,"showImageEffects":true,"showParticleSystems":true},"in2DMode":false,"pivot":{"x":97.50064086914063,"y":37.025089263916019,"z":-379.7478942871094},"rotation":{"x":-0.19465404748916627,"y":0.35978183150291445,"z":-0.07703089714050293,"w":-0.9092700481414795},"size":246.03680419921876,"orthographic":true}