{"cameraMode":{"drawMode":0,"name":"Shaded","section":"Shading Mode"},"sceneLighting":false,"audioPlay":false,"sceneViewState":{"showFog":true,"showMaterialUpdate":false,"showSkybox":false,"showFlares":true,"showImageEffects":true,"showParticleSystems":true},"in2DMode":false,"pivot":{"x":-37.65708923339844,"y":108.36785888671875,"z":-37.71099853515625},"rotation":{"x":-0.15114343166351319,"y":0.523002564907074,"z":-0.09484552592039108,"w":-0.8334466218948364},"size":182.1726837158203,"orthographic":false}