{"cameraMode":{"drawMode":0,"name":"Shaded","section":"Shading Mode"},"sceneLighting":true,"audioPlay":false,"sceneViewState":{"showFog":true,"showMaterialUpdate":false,"showSkybox":false,"showFlares":true,"showImageEffects":true,"showParticleSystems":true},"in2DMode":false,"pivot":{"x":3.7410130500793459,"y":5.303227424621582,"z":10.158305168151856},"rotation":{"x":0.1563163697719574,"y":-0.6095578074455261,"z":0.12419809401035309,"w":0.7671909332275391},"size":29.048540115356447,"orthographic":false}