{"cameraMode":{"drawMode":0,"name":"Shaded","section":"Shading Mode"},"sceneLighting":false,"audioPlay":false,"sceneViewState":{"showFog":true,"showMaterialUpdate":false,"showSkybox":false,"showFlares":true,"showImageEffects":true,"showParticleSystems":true},"in2DMode":false,"pivot":{"x":-0.004233837127685547,"y":-0.1127624437212944,"z":2.080204725265503},"rotation":{"x":-0.15981024503707887,"y":0.6374896764755249,"z":-0.1374754160642624,"w":-0.7410622239112854},"size":2.9030520915985109,"orthographic":false}