{"count":1,"self":104.4079232,"total":109.1821003,"children":{"AgentResetIfDone":{"count":5346,"self":0.0408992,"total":0.0408992,"children":null},"AgentSendState":{"count":5346,"self":0.1107167,"total":1.4077278,"children":{"CollectObservations":{"count":11494,"self":1.2970111,"total":1.2970111,"children":null}}},"DecideAction":{"count":5346,"self":3.2305751999999996,"total":3.2305751,"children":null},"AcademyStep":{"count":5346,"self":0.015858999999999998,"total":0.015858999999999998,"children":null},"AgentAct":{"count":5346,"self":0.079115499999999991,"total":0.079115499999999991,"children":null}}}